Workbook

Sheet countries_continents
A1: flagCode | B1: country | C1: continent | D1: unMember
A2: AF | B2: Afghanistan | C2: Asia | D2: TRUE
A3: AL | B3: Albania | C3: Europe | D3: TRUE
A4: DZ | B4: Algeria | C4: Africa | D4: TRUE
A5: AS | B5: American Samoa | C5: Oceania | D5: FALSE
A6: AD | B6: Andorra | C6: Europe | D6: TRUE
A7: AO | B7: Angola | C7: Africa | D7: TRUE
A8: AI | B8: Anguilla | C8: North America | D8: FALSE
A9: AG | B9: Antigua and Barbuda | C9: North America | D9: TRUE
A10: AR | B10: Argentina | C10: South America | D10: TRUE
A11: AM | B11: Armenia | C11: Asia | D11: TRUE
A12: AW | B12: Aruba | C12: North America | D12: FALSE
A13: AU | B13: Australia | C13: Oceania | D13: TRUE
... A235: ZW | B235: Zimbabwe | C235: Africa | D235: TRUE
B236: England | C236: Europe
B237: Kosovo | C237: Europe
B238: Northern Ireland | C238: Europe
B239: Scotland | C239: Europe
B240: Tahiti | C240: Europe
B241: Wales | C241: Europe
B242: Macau

Sheet France
A1: Country | B1: Count | C1: Continent | I1: Étiquettes de lignes | J1: Somme de Count
A2: Afghanistan | B2: 1 | C2: =VLOOKUP(A2,countries_continents[[country]:[continent]],2,FALSE) -> Asia | I2: France | J2: 6647
A3: Albania | B3: 6 | C3: =VLOOKUP(A3,countries_continents[[country]:[continent]],2,FALSE) -> Europe | I3: Africa | J3: 1058
A4: Algeria | B4: 233 | C4: =VLOOKUP(A4,countries_continents[[country]:[continent]],2,FALSE) -> Africa | I4: Europe | J4: 218
A5: Andorra | B5: 2 | C5: =VLOOKUP(A5,countries_continents[[country]:[continent]],2,FALSE) -> Europe | I5: North America | J5: 145
A6: Angola | B6: 2 | C6: =VLOOKUP(A6,countries_continents[[country]:[continent]],2,FALSE) -> Africa | I6: Asia | J6: 144
A7: Argentina | B7: 2 | C7: =VLOOKUP(A7,countries_continents[[country]:[continent]],2,FALSE) -> South America | I7: South America | J7: 18
A8: Armenia | B8: 13 | C8: =VLOOKUP(A8,countries_continents[[country]:[continent]],2,FALSE) -> Asia | I8: Oceania | J8: 6
A9: Australia | B9: 2 | C9: =VLOOKUP(A9,countries_continents[[country]:[continent]],2,FALSE) -> Oceania | I9: Total général | J9: 8236
A10: Austria | B10: 1 | C10: =VLOOKUP(A10,countries_continents[[country]:[continent]],2,FALSE) -> Europe
A11: Belgium | B11: 12 | C11: =VLOOKUP(A11,countries_continents[[country]:[continent]],2,FALSE) -> Europe
A12: Benin | B12: 29 | C12: =VLOOKUP(A12,countries_continents[[country]:[continent]],2,FALSE) -> Africa
A13: Bosnia and Herzegovina | B13: 5 | C13: =VLOOKUP(A13,countries_continents[[country]:[continent]],2,FALSE) -> Europe
A14: Brazil | B14: 1 | C14: =VLOOKUP(A14,countries_continents[[country]:[continent]],2,FALSE) -> South America
A15: Bulgaria | B15: 1 | C15: =VLOOKUP(A15,countries_continents[[country]:[continent]],2,FALSE) -> Europe
A16: Burkina Faso | B16: 10 | C16: =VLOOKUP(A16,countries_continents[[country]:[continent]],2,FALSE) -> Africa
A17: Cambodia | B17: 5 | C17: =VLOOKUP(A17,countries_continents[[country]:[continent]],2,FALSE) -> Asia
A18: Cameroon | B18: 32 | C18: =VLOOKUP(A18,countries_continents[[country]:[continent]],2,FALSE) -> Africa
A19: Canada | B19: 6 | C19: =VLOOKUP(A19,countries_continents[[country]:[continent]],2,FALSE) -> North America
A20: Cape Verde | B20: 12 | C20: =VLOOKUP(A20,countries_continents[[country]:[continent]],2,FALSE) -> Africa
A21: Central African Republic | B21: 33 | C21: =VLOOKUP(A21,countries_continents[[country]:[continent]],2,FALSE) -> Africa
... A32: Finland | B32: 3 | C32: =VLOOKUP(A32,countries_continents[[country]:[continent]],2,FALSE) -> Europe
A33: France | B33: 6647 | C33: France
A34: French Guiana | B34: 13 | C34: =VLOOKUP(A34,countries_continents[[country]:[continent]],2,FALSE) -> South America
A35: Gabon | B35: 20 | C35: =VLOOKUP(A35,countries_continents[[country]:[continent]],2,FALSE) -> Africa
A36: Georgia | B36: 1 | C36: =VLOOKUP(A36,countries_continents[[country]:[continent]],2,FALSE) -> Asia
A37: Germany | B37: 8 | C37: =VLOOKUP(A37,countries_continents[[country]:[continent]],2,FALSE) -> Europe
A38: Ghana | B38: 5 | C38: =VLOOKUP(A38,countries_continents[[country]:[continent]],2,FALSE) -> Africa
A39: Gibraltar | B39: 1 | C39: =VLOOKUP(A39,countries_continents[[country]:[continent]],2,FALSE) -> Europe
A40: Greece | B40: 1 | C40: =VLOOKUP(A40,countries_continents[[country]:[continent]],2,FALSE) -> Europe
A41: Guadeloupe | B41: 37 | C41: =VLOOKUP(A41,countries_continents[[country]:[continent]],2,FALSE) -> North America
A42: Guinea | B42: 35 | C42: =VLOOKUP(A42,countries_continents[[country]:[continent]],2,FALSE) -> Africa
A43: Guinea-Bissau | B43: 13 | C43: =VLOOKUP(A43,countries_continents[[country]:[continent]],2,FALSE) -> Africa
A44: Haiti | B44: 28 | C44: =VLOOKUP(A44,countries_continents[[country]:[continent]],2,FALSE) -> North America
A45: Hong Kong | B45: 2 | C45: =VLOOKUP(A45,countries_continents[[country]:[continent]],2,FALSE) -> Asia
... A102: Uruguay | B102: 1 | C102: =VLOOKUP(A102,countries_continents[[country]:[continent]],2,FALSE) -> South America

Sheet Brazil
A1: Country | B1: Count | C1: Continent | I1: Étiquettes de lignes | J1: Somme de Count
A2: Angola | B2: 1 | C2: =VLOOKUP(A2,'countries_continents'!B:C,2,FALSE) -> Africa | I2: Brazil | J2: 14401
A3: Australia | B3: 2 | C3: =VLOOKUP(A3,'countries_continents'!B:C,2,FALSE) -> Oceania | I3: Europe | J3: 172
A4: Austria | B4: 5 | C4: =VLOOKUP(A4,'countries_continents'!B:C,2,FALSE) -> Europe | I4: Asia | J4: 51
A5: Azerbaijan | B5: 1 | C5: =VLOOKUP(A5,'countries_continents'!B:C,2,FALSE) -> Asia | I5: South America | J5: 23
A6: Bahrain | B6: 1 | C6: =VLOOKUP(A6,'countries_continents'!B:C,2,FALSE) -> Asia | I6: North America | J6: 11
A7: Belarus | B7: 1 | C7: =VLOOKUP(A7,'countries_continents'!B:C,2,FALSE) -> Europe | I7: Africa | J7: 7
A8: Belgium | B8: 6 | C8: =VLOOKUP(A8,'countries_continents'!B:C,2,FALSE) -> Europe | I8: Oceania | J8: 3
A9: Belize | B9: 1 | C9: =VLOOKUP(A9,'countries_continents'!B:C,2,FALSE) -> North America | I9: Total général | J9: 14668
A10: Bolivia | B10: 9 | C10: =VLOOKUP(A10,'countries_continents'!B:C,2,FALSE) -> South America
A11: Brazil | B11: 14401 | C11: Brazil
A12: Bulgaria | B12: 3 | C12: =VLOOKUP(A12,'countries_continents'!B:C,2,FALSE) -> Europe
A13: Canada | B13: 2 | C13: =VLOOKUP(A13,'countries_continents'!B:C,2,FALSE) -> North America
A14: Chile | B14: 3 | C14: =VLOOKUP(A14,'countries_continents'!B:C,2,FALSE) -> South America
A15: China | B15: 4 | C15: =VLOOKUP(A15,'countries_continents'!B:C,2,FALSE) -> Asia
A16: Croatia | B16: 1 | C16: =VLOOKUP(A16,'countries_continents'!B:C,2,FALSE) -> Europe
A17: Cyprus | B17: 2 | C17: =VLOOKUP(A17,'countries_continents'!B:C,2,FALSE) -> Europe
A18: Czech Republic | B18: 1 | C18: =VLOOKUP(A18,'countries_continents'!B:C,2,FALSE) -> Europe
A19: Ecuador | B19: 1 | C19: =VLOOKUP(A19,'countries_continents'!B:C,2,FALSE) -> South America
A20: England | B20: 1 | C20: =VLOOKUP(A20,'countries_continents'!B:C,2,FALSE) -> Europe
A21: Equatorial Guinea | B21: 5 | C21: =VLOOKUP(A21,'countries_continents'!B:C,2,FALSE) -> Africa
A22: Faroe Islands | B22: 1 | C22: =VLOOKUP(A22,'countries_continents'!B:C,2,FALSE) -> Europe
A23: France | B23: 5 | C23: =VLOOKUP(A23,'countries_continents'!B:C,2,FALSE) -> Europe
... A61: Uruguay | B61: 5 | C61: =VLOOKUP(A61,'countries_continents'!B:C,2,FALSE) -> South America

Sheet Argentina
A1: Country | B1: Number | C1: Continent | I1: Étiquettes de lignes | J1: Somme de Number
A2: Andorra | B2: 1 | C2: =VLOOKUP(A2,'countries_continents'!B:C,2,FALSE) -> Europe | I2: Argentina | J2: 6831
A3: Argentina | B3: 6831 | C3: Argentina | I3: Europe | J3: 61
A4: Armenia | B4: 2 | C4: =VLOOKUP(A4,'countries_continents'!B:C,2,FALSE) -> Asia | I4: South America | J4: 58
A5: Australia | B5: 1 | C5: =VLOOKUP(A5,'countries_continents'!B:C,2,FALSE) -> Oceania | I5: Asia | J5: 15
A6: Bolivia | B6: 9 | C6: =VLOOKUP(A6,'countries_continents'!B:C,2,FALSE) -> South America | I6: North America | J6: 9
A7: Canada | B7: 2 | C7: =VLOOKUP(A7,'countries_continents'!B:C,2,FALSE) -> North America | I7: Oceania | J7: 1
A8: Chile | B8: 16 | C8: =VLOOKUP(A8,'countries_continents'!B:C,2,FALSE) -> South America | I8: Total général | J8: 6975
A9: Colombia | B9: 2 | C9: =VLOOKUP(A9,'countries_continents'!B:C,2,FALSE) -> South America
A10: Dominican Republic | B10: 1 | C10: =VLOOKUP(A10,'countries_continents'!B:C,2,FALSE) -> North America
A11: Ecuador | B11: 4 | C11: =VLOOKUP(A11,'countries_continents'!B:C,2,FALSE) -> South America
A12: France | B12: 2 | C12: =VLOOKUP(A12,'countries_continents'!B:C,2,FALSE) -> Europe
A13: Germany | B13: 2 | C13: =VLOOKUP(A13,'countries_continents'!B:C,2,FALSE) -> Europe
A14: Honduras | B14: 1 | C14: =VLOOKUP(A14,'countries_continents'!B:C,2,FALSE) -> North America
A15: Hong Kong | B15: 1 | C15: =VLOOKUP(A15,'countries_continents'!B:C,2,FALSE) -> Asia
A16: Indonesia | B16: 1 | C16: =VLOOKUP(A16,'countries_continents'!B:C,2,FALSE) -> Asia
A17: Israel | B17: 2 | C17: =VLOOKUP(A17,'countries_continents'!B:C,2,FALSE) -> Asia
A18: Italy | B18: 24 | C18: =VLOOKUP(A18,'countries_continents'!B:C,2,FALSE) -> Europe
A19: Latvia | B19: 1 | C19: =VLOOKUP(A19,'countries_continents'!B:C,2,FALSE) -> Europe
A20: Liechtenstein | B20: 1 | C20: =VLOOKUP(A20,'countries_continents'!B:C,2,FALSE) -> Europe
... A43: Uruguay | B43: 6 | C43: =VLOOKUP(A43,'countries_continents'!B:C,2,FALSE) -> South America

Sheet Belgium
A1: Country | B1: Count | C1: Continent | I1: Étiquettes de lignes | J1: Somme de Count
A2: Ivory Coast | B2: 1 | C2: =VLOOKUP(A2,'countries_continents'!B:C,2,FALSE) -> Africa | I2: Belgium | J2: 1714
A3: Albania | B3: 8 | C3: =VLOOKUP(A3,'countries_continents'!B:C,2,FALSE) -> Europe | I3: Africa | J3: 112
A4: Algeria | B4: 2 | C4: =VLOOKUP(A4,'countries_continents'!B:C,2,FALSE) -> Africa | I4: Europe | J4: 95
A5: Angola | B5: 3 | C5: =VLOOKUP(A5,'countries_continents'!B:C,2,FALSE) -> Africa | I5: Asia | J5: 74
A6: Armenia | B6: 4 | C6: =VLOOKUP(A6,'countries_continents'!B:C,2,FALSE) -> Asia | I6: South America | J6: 3
A7: Australia | B7: 2 | C7: =VLOOKUP(A7,'countries_continents'!B:C,2,FALSE) -> Oceania | I7: Oceania | J7: 2
A8: Austria | B8: 1 | C8: =VLOOKUP(A8,'countries_continents'!B:C,2,FALSE) -> Europe | I8: North America | J8: 1
A9: Belarus | B9: 1 | C9: =VLOOKUP(A9,'countries_continents'!B:C,2,FALSE) -> Europe | I9: Total général | J9: 2001
A10: Belgium | B10: 1714 | C10: Belgium
A11: Benin | B11: 1 | C11: =VLOOKUP(A11,'countries_continents'!B:C,2,FALSE) -> Africa
A12: Bosnia and Herzegovina | B12: 3 | C12: =VLOOKUP(A12,'countries_continents'!B:C,2,FALSE) -> Europe
A13: Brazil | B13: 2 | C13: =VLOOKUP(A13,'countries_continents'!B:C,2,FALSE) -> South America
A14: Bulgaria | B14: 1 | C14: =VLOOKUP(A14,'countries_continents'!B:C,2,FALSE) -> Europe
A15: Burkina Faso | B15: 1 | C15: =VLOOKUP(A15,'countries_continents'!B:C,2,FALSE) -> Africa
A16: Burundi | B16: 6 | C16: =VLOOKUP(A16,'countries_continents'!B:C,2,FALSE) -> Africa
A17: Cameroon | B17: 2 | C17: =VLOOKUP(A17,'countries_continents'!B:C,2,FALSE) -> Africa
A18: Chad | B18: 2 | C18: =VLOOKUP(A18,'countries_continents'!B:C,2,FALSE) -> Africa
A19: Chile | B19: 1 | C19: =VLOOKUP(A19,'countries_continents'!B:C,2,FALSE) -> South America
A20: Republic of the Congo | B20: 1 | C20: =VLOOKUP(A20,'countries_continents'!B:C,2,FALSE) -> Africa
A21: Croatia | B21: 2 | C21: =VLOOKUP(A21,'countries_continents'!B:C,2,FALSE) -> Europe
A22: Curacao | B22: 1 | C22: =VLOOKUP(A22,'countries_continents'!B:C,2,FALSE) -> North America
... A65: Zambia | B65: 1 | C65: =VLOOKUP(A65,'countries_continents'!B:C,2,FALSE) -> Africa

Sheet England
A1: Country | B1: Count | C1: Continent | I1: Étiquettes de lignes | J1: Somme de Count
A2: Ivory Coast | B2: 2 | C2: =VLOOKUP(A2,'countries_continents'!B:C,2,FALSE) -> Africa | I2: England | J2: 7616
A3: Albania | B3: 21 | C3: =VLOOKUP(A3,'countries_continents'!B:C,2,FALSE) -> Europe | I3: Europe | J3: 987
A4: Algeria | B4: 6 | C4: =VLOOKUP(A4,'countries_continents'!B:C,2,FALSE) -> Africa | I4: North America | J4: 285
A5: Anguilla | B5: 6 | C5: =VLOOKUP(A5,'countries_continents'!B:C,2,FALSE) -> North America | I5: Africa | J5: 138
A6: Antigua and Barbuda | B6: 34 | C6: =VLOOKUP(A6,'countries_continents'!B:C,2,FALSE) -> North America | I6: Asia | J6: 104
A7: Australia | B7: 33 | C7: =VLOOKUP(A7,'countries_continents'!B:C,2,FALSE) -> Oceania | I7: Oceania | J7: 68
A8: Austria | B8: 1 | C8: =VLOOKUP(A8,'countries_continents'!B:C,2,FALSE) -> Europe | I8: South America | J8: 30
A9: Azerbaijan | B9: 1 | C9: =VLOOKUP(A9,'countries_continents'!B:C,2,FALSE) -> Asia | I9: Total général | J9: 9228
A10: Bangladesh | B10: 3 | C10: =VLOOKUP(A10,'countries_continents'!B:C,2,FALSE) -> Asia
A11: Barbados | B11: 8 | C11: =VLOOKUP(A11,'countries_continents'!B:C,2,FALSE) -> North America
A12: Belgium | B12: 2 | C12: =VLOOKUP(A12,'countries_continents'!B:C,2,FALSE) -> Europe
A13: Belize | B13: 1 | C13: =VLOOKUP(A13,'countries_continents'!B:C,2,FALSE) -> North America
A14: Bermuda | B14: 1 | C14: =VLOOKUP(A14,'countries_continents'!B:C,2,FALSE) -> North America
A15: British Virgin Islands | B15: 17 | C15: =VLOOKUP(A15,'countries_continents'!B:C,2,FALSE) -> North America
A16: Bulgaria | B16: 1 | C16: =VLOOKUP(A16,'countries_continents'!B:C,2,FALSE) -> Europe
A17: Burundi | B17: 2 | C17: =VLOOKUP(A17,'countries_continents'!B:C,2,FALSE) -> Africa
A18: Cameroon | B18: 2 | C18: =VLOOKUP(A18,'countries_continents'!B:C,2,FALSE) -> Africa
A19: Canada | B19: 11 | C19: =VLOOKUP(A19,'countries_continents'!B:C,2,FALSE) -> North America
A20: Chile | B20: 2 | C20: =VLOOKUP(A20,'countries_continents'!B:C,2,FALSE) -> South America
A21: China | B21: 2 | C21: =VLOOKUP(A21,'countries_continents'!B:C,2,FALSE) -> Asia
... A29: Egypt | B29: 3 | C29: =VLOOKUP(A29,'countries_continents'!B:C,2,FALSE) -> Africa
A30: England | B30: 7616 | C30: England
A31: Estonia | B31: 1 | C31: =VLOOKUP(A31,'countries_continents'!B:C,2,FALSE) -> Europe
A32: Fiji | B32: 1 | C32: =VLOOKUP(A32,'countries_continents'!B:C,2,FALSE) -> Oceania
A33: Finland | B33: 6 | C33: =VLOOKUP(A33,'countries_continents'!B:C,2,FALSE) -> Europe
A34: France | B34: 6 | C34: =VLOOKUP(A34,'countries_continents'!B:C,2,FALSE) -> Europe
A35: Germany | B35: 11 | C35: =VLOOKUP(A35,'countries_continents'!B:C,2,FALSE) -> Europe
A36: Ghana | B36: 19 | C36: =VLOOKUP(A36,'countries_continents'!B:C,2,FALSE) -> Africa
A37: Gibraltar | B37: 31 | C37: =VLOOKUP(A37,'countries_continents'!B:C,2,FALSE) -> Europe
A38: Greece | B38: 5 | C38: =VLOOKUP(A38,'countries_continents'!B:C,2,FALSE) -> Europe
A39: Grenada | B39: 31 | C39: =VLOOKUP(A39,'countries_continents'!B:C,2,FALSE) -> North America
A40: Guatemala | B40: 1 | C40: =VLOOKUP(A40,'countries_continents'!B:C,2,FALSE) -> North America
A41: Guyana | B41: 25 | C41: =VLOOKUP(A41,'countries_continents'!B:C,2,FALSE) -> South America
A42: Hong Kong | B42: 7 | C42: =VLOOKUP(A42,'countries_continents'!B:C,2,FALSE) -> Asia
... A109: Zimbabwe | B109: 11 | C109: =VLOOKUP(A109,'countries_continents'!B:C,2,FALSE) -> Africa

Sheet Spain
A1: Country | B1: Count | C1: Continent | I1: Étiquettes de lignes | J1: Somme de Count
A2: Albania | B2: 1 | C2: =VLOOKUP(A2,countries_continents[[country]:[continent]],2,FALSE) -> Europe | I2: Spain | J2: 11926
A3: Algeria | B3: 2 | C3: =VLOOKUP(A3,countries_continents[[country]:[continent]],2,FALSE) -> Africa | I3: Africa | J3: 163
A4: Andorra | B4: 12 | C4: =VLOOKUP(A4,countries_continents[[country]:[continent]],2,FALSE) -> Europe | I4: Europe | J4: 157
A5: Angola | B5: 1 | C5: =VLOOKUP(A5,countries_continents[[country]:[continent]],2,FALSE) -> Africa | I5: South America | J5: 56
A6: Argentina | B6: 13 | C6: =VLOOKUP(A6,countries_continents[[country]:[continent]],2,FALSE) -> South America | I6: North America | J6: 42
A7: Armenia | B7: 1 | C7: =VLOOKUP(A7,countries_continents[[country]:[continent]],2,FALSE) -> Asia | I7: Asia | J7: 28
A8: Australia | B8: 2 | C8: =VLOOKUP(A8,countries_continents[[country]:[continent]],2,FALSE) -> Oceania | I8: Oceania | J8: 3
A9: Azerbaijan | B9: 1 | C9: =VLOOKUP(A9,countries_continents[[country]:[continent]],2,FALSE) -> Asia | I9: Total général | J9: 12375
A10: Belarus | B10: 1 | C10: =VLOOKUP(A10,countries_continents[[country]:[continent]],2,FALSE) -> Europe
A11: Belgium | B11: 4 | C11: =VLOOKUP(A11,countries_continents[[country]:[continent]],2,FALSE) -> Europe
A12: Bolivia | B12: 5 | C12: =VLOOKUP(A12,countries_continents[[country]:[continent]],2,FALSE) -> South America
A13: Bosnia and Herzegovina | B13: 2 | C13: =VLOOKUP(A13,countries_continents[[country]:[continent]],2,FALSE) -> Europe
A14: Brazil | B14: 4 | C14: =VLOOKUP(A14,countries_continents[[country]:[continent]],2,FALSE) -> South America
A15: Bulgaria | B15: 4 | C15: =VLOOKUP(A15,countries_continents[[country]:[continent]],2,FALSE) -> Europe
A16: Cameroon | B16: 4 | C16: =VLOOKUP(A16,countries_continents[[country]:[continent]],2,FALSE) -> Africa
A17: Cape Verde | B17: 4 | C17: =VLOOKUP(A17,countries_continents[[country]:[continent]],2,FALSE) -> Africa
A18: Chile | B18: 2 | C18: =VLOOKUP(A18,countries_continents[[country]:[continent]],2,FALSE) -> South America
A19: China | B19: 3 | C19: =VLOOKUP(A19,countries_continents[[country]:[continent]],2,FALSE) -> Asia
A20: Taiwan | B20: 2 | C20: =VLOOKUP(A20,countries_continents[[country]:[continent]],2,FALSE) -> Asia
A21: Colombia | B21: 7 | C21: =VLOOKUP(A21,countries_continents[[country]:[continent]],2,FALSE) -> South America
... A75: Slovakia | B75: 1 | C75: =VLOOKUP(A75,countries_continents[[country]:[continent]],2,FALSE) -> Europe
A76: Spain | B76: 11926 | C76: Spain
A77: Sweden | B77: 2 | C77: =VLOOKUP(A77,countries_continents[[country]:[continent]],2,FALSE) -> Europe
A78: Switzerland | B78: 5 | C78: =VLOOKUP(A78,countries_continents[[country]:[continent]],2,FALSE) -> Europe
A79: Thailand | B79: 1 | C79: =VLOOKUP(A79,countries_continents[[country]:[continent]],2,FALSE) -> Asia
A80: Gambia | B80: 6 | C80: =VLOOKUP(A80,countries_continents[[country]:[continent]],2,FALSE) -> Africa
A81: United Arab Emirates | B81: 1 | C81: =VLOOKUP(A81,countries_continents[[country]:[continent]],2,FALSE) -> Asia
A82: United States | B82: 4 | C82: =VLOOKUP(A82,countries_continents[[country]:[continent]],2,FALSE) -> North America
A83: Uruguay | B83: 9 | C83: =VLOOKUP(A83,countries_continents[[country]:[continent]],2,FALSE) -> South America
A84: Venezuela | B84: 3 | C84: =VLOOKUP(A84,countries_continents[[country]:[continent]],2,FALSE) -> South America
A85: Wales | B85: 1 | C85: =VLOOKUP(A85,countries_continents[[country]:[continent]],2,FALSE) -> Europe

Sheet Portugal
A1: Country | B1: Count | C1: Continent | I1: Étiquettes de lignes | J1: Somme de Count
A2: Albania | B2: 2 | C2: =VLOOKUP(A2,countries_continents[[country]:[continent]],2,FALSE) -> Europe | I2: Portugal | J2: 6381
A3: Andorra | B3: 10 | C3: =VLOOKUP(A3,countries_continents[[country]:[continent]],2,FALSE) -> Europe | I3: Africa | J3: 135
A4: Angola | B4: 26 | C4: =VLOOKUP(A4,countries_continents[[country]:[continent]],2,FALSE) -> Africa | I4: Europe | J4: 78
A5: Bolivia | B5: 1 | C5: =VLOOKUP(A5,countries_continents[[country]:[continent]],2,FALSE) -> South America | I5: Asia | J5: 23
A6: Bosnia and Herzegovina | B6: 1 | C6: =VLOOKUP(A6,countries_continents[[country]:[continent]],2,FALSE) -> Europe | I6: South America | J6: 6
A7: Brazil | B7: 5 | C7: =VLOOKUP(A7,countries_continents[[country]:[continent]],2,FALSE) -> South America | I7: North America | J7: 1
A8: Bulgaria | B8: 1 | C8: =VLOOKUP(A8,countries_continents[[country]:[continent]],2,FALSE) -> Europe | I8: Total général | J8: 6624
A9: Canada | B9: 1 | C9: =VLOOKUP(A9,countries_continents[[country]:[continent]],2,FALSE) -> North America
A10: Cape Verde | B10: 42 | C10: =VLOOKUP(A10,countries_continents[[country]:[continent]],2,FALSE) -> Africa
A11: China | B11: 4 | C11: =VLOOKUP(A11,countries_continents[[country]:[continent]],2,FALSE) -> Asia
A12: Cyprus | B12: 2 | C12: =VLOOKUP(A12,countries_continents[[country]:[continent]],2,FALSE) -> Europe
A13: England | B13: 3 | C13: =VLOOKUP(A13,countries_continents[[country]:[continent]],2,FALSE) -> Europe
A14: Finland | B14: 2 | C14: =VLOOKUP(A14,countries_continents[[country]:[continent]],2,FALSE) -> Europe
A15: France | B15: 4 | C15: =VLOOKUP(A15,countries_continents[[country]:[continent]],2,FALSE) -> Europe
A16: Georgia | B16: 1 | C16: =VLOOKUP(A16,countries_continents[[country]:[continent]],2,FALSE) -> Asia
A17: Germany | B17: 3 | C17: =VLOOKUP(A17,countries_continents[[country]:[continent]],2,FALSE) -> Europe
A18: Gibraltar | B18: 1 | C18: =VLOOKUP(A18,countries_continents[[country]:[continent]],2,FALSE) -> Europe
A19: Greece | B19: 1 | C19: =VLOOKUP(A19,countries_continents[[country]:[continent]],2,FALSE) -> Europe
A20: Guinea | B20: 1 | C20: =VLOOKUP(A20,countries_continents[[country]:[continent]],2,FALSE) -> Africa
... A31: Norway | B31: 1 | C31: =VLOOKUP(A31,countries_continents[[country]:[continent]],2,FALSE) -> Europe
A32: Portugal | B32: 6381 | C32: Portugal
A33: Qatar | B33: 1 | C33: =VLOOKUP(A33,countries_continents[[country]:[continent]],2,FALSE) -> Asia
A34: Romania | B34: 2 | C34: =VLOOKUP(A34,countries_continents[[country]:[continent]],2,FALSE) -> Europe
A35: Russia | B35: 1 | C35: =VLOOKUP(A35,countries_continents[[country]:[continent]],2,FALSE) -> Europe
A36: Sao Tome and Principe | B36: 21 | C36: =VLOOKUP(A36,countries_continents[[country]:[continent]],2,FALSE) -> Africa
A37: Serbia | B37: 2 | C37: =VLOOKUP(A37,countries_continents[[country]:[continent]],2,FALSE) -> Europe
A38: Slovenia | B38: 1 | C38: =VLOOKUP(A38,countries_continents[[country]:[continent]],2,FALSE) -> Europe
A39: South Africa | B39: 2 | C39: =VLOOKUP(A39,countries_continents[[country]:[continent]],2,FALSE) -> Africa
A40: Spain | B40: 3 | C40: =VLOOKUP(A40,countries_continents[[country]:[continent]],2,FALSE) -> Europe
A41: Sweden | B41: 1 | C41: =VLOOKUP(A41,countries_continents[[country]:[continent]],2,FALSE) -> Europe
A42: Switzerland | B42: 6 | C42: =VLOOKUP(A42,countries_continents[[country]:[continent]],2,FALSE) -> Europe
A43: Timor-Leste | B43: 1 | C43: =VLOOKUP(A43,countries_continents[[country]:[continent]],2,FALSE) -> Asia
