Workbook

Sheet portugal_clean
A1: Number | B1: Name | C1: Position | D1: Date of Birth | E1: Age | F1: Nationality | G1: Birth Country | H1: Place of Birth | I1: Height | J1: Market Value | K1: Main Position | L1: Other Positions | M1: Nationality 1 | N1: Nationality 2 | O1: Position 2 | P1: Position 3 | Q1: Region
A2: 1.0 | B2: António Filipe | C2: Goalkeeper | D2: 31151 | E2: 38 | F2: Portugal | G2: Portugal | H2: Gondomar | J2: 1.87 | M2: Portugal | Q2: =IFERROR(VLOOKUP(portugal_clean[[#This Row],[Place of Birth]],region!A:B,2,FALSE),"") -> Porto
B3: Carlos Magalhães | C3: Goalkeeper | D3: 31152 | E3: 38 | F3: Portugal | G3: Portugal | H3: Porto | J3: 1.78 | M3: Portugal | Q3: =IFERROR(VLOOKUP(portugal_clean[[#This Row],[Place of Birth]],region!A:B,2,FALSE),"") -> Porto
B4: Manuel Silveira | C4: Goalkeeper | D4: 31195 | E4: 38 | F4: Portugal, Andorra | G4: Portugal | M4: Portugal | N4: Andorra | Q4: =IFERROR(VLOOKUP(portugal_clean[[#This Row],[Place of Birth]],region!A:B,2,FALSE),"")
B5: Tiago Alves | C5: Goalkeeper | D5: 31182 | E5: 38 | F5: Portugal, France | G5: Portugal | H5: Chaves | J5: 1.83 | M5: Portugal | N5: France | Q5: =IFERROR(VLOOKUP(portugal_clean[[#This Row],[Place of Birth]],region!A:B,2,FALSE),"") -> Vila Real
B6: Torcato | C6: Goalkeeper | D6: 31093 | E6: 39 | F6: Portugal | G6: Portugal | H6: Penafiel | J6: 1.8 | M6: Portugal | Q6: =IFERROR(VLOOKUP(portugal_clean[[#This Row],[Place of Birth]],region!A:B,2,FALSE),"") -> Porto
B7: Ricardo Campos | C7: Goalkeeper | D7: 31242 | E7: 38 | F7: Mozambique, Portugal | G7: Portugal | H7: Caldas da Rainha | J7: 1.88 | M7: Mozambique | N7: Portugal | Q7: =IFERROR(VLOOKUP(portugal_clean[[#This Row],[Place of Birth]],region!A:B,2,FALSE),"") -> Leiria
B8: Vasco Viana | C8: Goalkeeper | D8: 31157 | E8: 38 | F8: Portugal | G8: Portugal | H8: Felgueiras | J8: 1.96 | M8: Portugal | Q8: =IFERROR(VLOOKUP(portugal_clean[[#This Row],[Place of Birth]],region!A:B,2,FALSE),"") -> Porto
A9: 25.0 | B9: Pedro Fernandes | C9: Goalkeeper | D9: 31064 | E9: 39 | F9: Portugal | G9: Portugal | H9: Vila Real | J9: 1.85 | M9: Portugal | Q9: =IFERROR(VLOOKUP(portugal_clean[[#This Row],[Place of Birth]],region!A:B,2,FALSE),"") -> Vila Real
B10: Jorge Lemos | C10: Goalkeeper | D10: 31084 | E10: 39 | F10: Portugal | G10: Portugal | H10: Guimaraes | J10: 1.87 | M10: Portugal | Q10: =IFERROR(VLOOKUP(portugal_clean[[#This Row],[Place of Birth]],region!A:B,2,FALSE),"") -> Braga
B11: João Botelho | C11: Goalkeeper | D11: 31312 | E11: 38 | F11: Portugal | G11: Portugal | H11: Ponta Delgada | J11: 1.82 | M11: Portugal | Q11: =IFERROR(VLOOKUP(portugal_clean[[#This Row],[Place of Birth]],region!A:B,2,FALSE),"") -> Acores (Azores)
B12: Filipe Mendes | C12: Goalkeeper | D12: 31215 | E12: 38 | F12: Portugal | G12: Portugal | H12: Lisboa | J12: 1.93 | M12: Portugal | Q12: =IFERROR(VLOOKUP(portugal_clean[[#This Row],[Place of Birth]],region!A:B,2,FALSE),"") -> Lisboa
B13: André Queirós | C13: Goalkeeper | D13: 31253 | E13: 38 | F13: Portugal | G13: Portugal | H13: Aveiro | J13: 1.96 | M13: Portugal | Q13: =IFERROR(VLOOKUP(portugal_clean[[#This Row],[Place of Birth]],region!A:B,2,FALSE),"") -> Aveiro
B14: Nélson | C14: Goalkeeper | D14: 31110 | E14: 39 | F14: Portugal | G14: Portugal | H14: Figueira da Foz | J14: 1.88 | M14: Portugal | Q14: =IFERROR(VLOOKUP(portugal_clean[[#This Row],[Place of Birth]],region!A:B,2,FALSE),"") -> Coimbra
B15: Rui Rosindo | C15: Goalkeeper | D15: 31065 | E15: 39 | F15: Portugal | G15: Portugal | H15: Moura | M15: Portugal | Q15: =IFERROR(VLOOKUP(portugal_clean[[#This Row],[Place of Birth]],region!A:B,2,FALSE),"") -> Beja
B16: Nuno Laurentino | C16: Goalkeeper | D16: 31402 | E16: 38 | F16: Portugal | G16: Portugal | H16: Evora | J16: 1.85 | M16: Portugal | Q16: =IFERROR(VLOOKUP(portugal_clean[[#This Row],[Place of Birth]],region!A:B,2,FALSE),"") -> Evora
B17: Pedro Monteiro | C17: Goalkeeper | D17: 31342 | E17: 38 | F17: Portugal | G17: Portugal | H17: Oliveira de Azemeis | J17: 1.84 | M17: Portugal | Q17: =IFERROR(VLOOKUP(portugal_clean[[#This Row],[Place of Birth]],region!A:B,2,FALSE),"") -> Aveiro
B18: Ivo | C18: Goalkeeper | D18: 31187 | E18: 38 | F18: Portugal | G18: Portugal | H18: Gondomar | J18: 1.85 | M18: Portugal | Q18: =IFERROR(VLOOKUP(portugal_clean[[#This Row],[Place of Birth]],region!A:B,2,FALSE),"") -> Porto
B19: Hugo Magalhães | C19: Goalkeeper | D19: 31166 | E19: 38 | F19: Portugal | G19: Portugal | H19: Paredes | J19: 1.96 | M19: Portugal | Q19: =IFERROR(VLOOKUP(portugal_clean[[#This Row],[Place of Birth]],region!A:B,2,FALSE),"") -> Porto
B20: Rui Sacramento | C20: Goalkeeper | D20: 31078 | E20: 39 | F20: Portugal | G20: Portugal | H20: Matosinhos | J20: 1.84 | M20: Portugal | Q20: =IFERROR(VLOOKUP(portugal_clean[[#This Row],[Place of Birth]],region!A:B,2,FALSE),"") -> Porto
B21: Fonseca | C21: Goalkeeper | D21: 31052 | E21: 39 | F21: Portugal | G21: Portugal | H21: Porto | J21: 1.82 | M21: Portugal | Q21: =IFERROR(VLOOKUP(portugal_clean[[#This Row],[Place of Birth]],region!A:B,2,FALSE),"") -> Porto
B22: Pedro Cardoso | C22: Goalkeeper | D22: 31103 | E22: 39 | F22: Portugal | G22: Portugal | H22: Lisboa | J22: 1.81 | M22: Portugal | Q22: =IFERROR(VLOOKUP(portugal_clean[[#This Row],[Place of Birth]],region!A:B,2,FALSE),"") -> Lisboa
B23: Pedro Gomes | C23: Goalkeeper | D23: 31334 | E23: 38 | F23: Portugal | G23: Portugal | H23: Aveiro | J23: 1.84 | M23: Portugal | Q23: =IFERROR(VLOOKUP(portugal_clean[[#This Row],[Place of Birth]],region!A:B,2,FALSE),"") -> Aveiro
A24: 1.0 | B24: João Nuno | C24: Goalkeeper | D24: 31176 | E24: 38 | F24: Portugal | G24: Portugal | H24: Guimaraes | J24: 1.83 | M24: Portugal | Q24: =IFERROR(VLOOKUP(portugal_clean[[#This Row],[Place of Birth]],region!A:B,2,FALSE),"") -> Braga
B25: Gabriel | C25: Goalkeeper | D25: 31101 | E25: 39 | F25: Portugal | G25: Portugal | H25: Marco de Canaveses | M25: Portugal | Q25: =IFERROR(VLOOKUP(portugal_clean[[#This Row],[Place of Birth]],region!A:B,2,FALSE),"") -> Porto
A26: 33.0 | B26: Ricardo Batista | C26: Goalkeeper | D26: 31735 | E26: 37 | F26: Portugal, Angola | G26: Portugal | H26: Setubal | J26: 1.92 | M26: Portugal | N26: Angola | Q26: =IFERROR(VLOOKUP(portugal_clean[[#This Row],[Place of Birth]],region!A:B,2,FALSE),"") -> Setubal
A27: 31.0 | B27: Óscar | C27: Goalkeeper | D27: 31616 | E27: 37 | F27: Portugal | G27: Portugal | H27: Seia | J27: 1.9 | M27: Portugal | Q27: =IFERROR(VLOOKUP(portugal_clean[[#This Row],[Place of Birth]],region!A:B,2,FALSE),"") -> Guarda
A28: 28.0 | B28: Paulinho Baptista | C28: Goalkeeper | D28: 31436 | E28: 38 | F28: Portugal | G28: Portugal | H28: Ronfe | J28: 1.81 | M28: Portugal | Q28: =IFERROR(VLOOKUP(portugal_clean[[#This Row],[Place of Birth]],region!A:B,2,FALSE),"") -> Braga
A29: 99.0 | B29: Makê | C29: Goalkeeper | D29: 31657 | E29: 37 | F29: Portugal | G29: Portugal | H29: Marinha Grande | J29: 1.93 | M29: Portugal | Q29: =IFERROR(VLOOKUP(portugal_clean[[#This Row],[Place of Birth]],region!A:B,2,FALSE),"") -> Leiria
B30: João Nunes | C30: Goalkeeper | D30: 31553 | E30: 37 | F30: Portugal | G30: Portugal | H30: Povoa de Varzim | J30: 1.93 | M30: Portugal | Q30: =IFERROR(VLOOKUP(portugal_clean[[#This Row],[Place of Birth]],region!A:B,2,FALSE),"") -> Porto
B31: Paulo Cunha | C31: Goalkeeper | D31: 31462 | E31: 38 | F31: Portugal | G31: Portugal | H31: Vila Nova de Famalicao | J31: 1.91 | M31: Portugal | Q31: =IFERROR(VLOOKUP(portugal_clean[[#This Row],[Place of Birth]],region!A:B,2,FALSE),"") -> Braga
A32: 52.0 | B32: Márcio Guilherme | C32: Goalkeeper | D32: 31603 | E32: 37 | F32: Portugal | G32: Portugal | J32: 1.74 | M32: Portugal | Q32: =IFERROR(VLOOKUP(portugal_clean[[#This Row],[Place of Birth]],region!A:B,2,FALSE),"")
B33: Salgueiro | C33: Goalkeeper | D33: 31555 | E33: 37 | F33: Portugal | G33: Portugal | H33: Barcelos | J33: 1.87 | M33: Portugal | Q33: =IFERROR(VLOOKUP(portugal_clean[[#This Row],[Place of Birth]],region!A:B,2,FALSE),"") -> Braga
B34: João Barroca | C34: Goalkeeper | D34: 31622 | E34: 37 | F34: Portugal | G34: Portugal | H34: Mealhada | J34: 1.87 | M34: Portugal | Q34: =IFERROR(VLOOKUP(portugal_clean[[#This Row],[Place of Birth]],region!A:B,2,FALSE),"") -> Aveiro
B35: Castro | C35: Goalkeeper | D35: 31679 | E35: 37 | F35: Portugal | G35: Portugal | H35: Porto | J35: 1.9 | M35: Portugal | Q35: =IFERROR(VLOOKUP(portugal_clean[[#This Row],[Place of Birth]],region!A:B,2,FALSE),"") -> Porto
B36: Rui Nereu | C36: Goalkeeper | D36: 31447 | E36: 38 | F36: Portugal | G36: Portugal | H36: Torres Novas | J36: 1.83 | M36: Portugal | Q36: =IFERROR(VLOOKUP(portugal_clean[[#This Row],[Place of Birth]],region!A:B,2,FALSE),"") -> Santarem
B37: Fábio Monteiro | C37: Goalkeeper | D37: 31711 | E37: 37 | F37: Portugal | G37: Portugal | H37: Lissabon | J37: 1.88 | M37: Portugal | Q37: =IFERROR(VLOOKUP(portugal_clean[[#This Row],[Place of Birth]],region!A:B,2,FALSE),"") -> Lisboa
A38: 1.0 | B38: Hugo Marques | C38: Goalkeeper | D38: 31427 | E38: 38 | F38: Angola, Portugal | G38: Portugal | H38: Fao | J38: 1.9 | M38: Angola | N38: Portugal | Q38: =IFERROR(VLOOKUP(portugal_clean[[#This Row],[Place of Birth]],region!A:B,2,FALSE),"") -> Braga
A39: 14.0 | B39: José Borracha | C39: Goalkeeper | D39: 31429 | E39: 38 | F39: Portugal | G39: Portugal | H39: Cuba | J39: 1.84 | M39: Portugal | Q39: =IFERROR(VLOOKUP(portugal_clean[[#This Row],[Place of Birth]],region!A:B,2,FALSE),"") -> Beja
A40: 1.0 | B40: João Oliveira | C40: Goalkeeper | D40: 31440 | E40: 38 | F40: Portugal | G40: Portugal | H40: Ovar | M40: Portugal | Q40: =IFERROR(VLOOKUP(portugal_clean[[#This Row],[Place of Birth]],region!A:B,2,FALSE),"") -> Aveiro
A41: 1.0 | B41: António Pedro | C41: Goalkeeper | D41: 31568 | E41: 37 | F41: Portugal | G41: Portugal | H41: Lanhelas | J41: 1.82 | M41: Portugal | Q41: =IFERROR(VLOOKUP(portugal_clean[[#This Row],[Place of Birth]],region!A:B,2,FALSE),"") -> Viana do Castelo
A42: 57.0 | B42: Paulinho | C42: Goalkeeper | D42: 31620 | E42: 37 | F42: Portugal | G42: Portugal | H42: Braga | J42: 1.83 | M42: Portugal | Q42: =IFERROR(VLOOKUP(portugal_clean[[#This Row],[Place of Birth]],region!A:B,2,FALSE),"") -> Braga
B43: Carlos Oliveira | C43: Goalkeeper | D43: 31527 | E43: 37 | F43: Portugal, Switzerland | G43: Portugal | M43: Portugal | N43: Switzerland | Q43: =IFERROR(VLOOKUP(portugal_clean[[#This Row],[Place of Birth]],region!A:B,2,FALSE),"")
A44: 23.0 | B44: Manú | C44: Goalkeeper | D44: 31514 | E44: 37 | F44: Portugal | G44: Portugal | H44: Coimbra | J44: 1.88 | M44: Portugal | Q44: =IFERROR(VLOOKUP(portugal_clean[[#This Row],[Place of Birth]],region!A:B,2,FALSE),"") -> Coimbra
B45: Pedro Peraltinha | C45: Goalkeeper | D45: 31557 | E45: 37 | F45: Portugal | G45: Portugal | H45: Beja | J45: 1.84 | M45: Portugal | Q45: =IFERROR(VLOOKUP(portugal_clean[[#This Row],[Place of Birth]],region!A:B,2,FALSE),"") -> Beja
B46: Mário Felgueiras | C46: Goalkeeper | D46: 31758 | E46: 37 | F46: Portugal | G46: Portugal | H46: Viana do Castelo | J46: 1.86 | M46: Portugal | Q46: =IFERROR(VLOOKUP(portugal_clean[[#This Row],[Place of Birth]],region!A:B,2,FALSE),"") -> Viana do Castelo
A47: 37.0 | B47: Bruno Costa | C47: Goalkeeper | D47: 31652 | E47: 37 | F47: Portugal | G47: Portugal | H47: Ferreiras | J47: 1.87 | M47: Portugal | Q47: =IFERROR(VLOOKUP(portugal_clean[[#This Row],[Place of Birth]],region!A:B,2,FALSE),"") -> Faro
B48: Diogo Santos | C48: Goalkeeper | D48: 31464 | E48: 38 | F48: Portugal | G48: Portugal | H48: Portimao | J48: 1.82 | M48: Portugal | Q48: =IFERROR(VLOOKUP(portugal_clean[[#This Row],[Place of Birth]],region!A:B,2,FALSE),"") -> Faro
A49: 1.0 | B49: Pedro Freitas | C49: Goalkeeper | D49: 31655 | E49: 37 | F49: Portugal | G49: Portugal | H49: Guimaraes | J49: 1.86 | M49: Portugal | Q49: =IFERROR(VLOOKUP(portugal_clean[[#This Row],[Place of Birth]],region!A:B,2,FALSE),"") -> Braga
A50: 28.0 | B50: Marafona | C50: Goalkeeper | D50: 31905 | E50: 36 | F50: Portugal | G50: Portugal | H50: Vila do Conde | J50: 1.9 | M50: Portugal | Q50: =IFERROR(VLOOKUP(portugal_clean[[#This Row],[Place of Birth]],region!A:B,2,FALSE),"") -> Porto
B51: André Maló | C51: Goalkeeper | D51: 31960 | E51: 36 | F51: Portugal | G51: Portugal | J51: 1.8 | M51: Portugal | Q51: =IFERROR(VLOOKUP(portugal_clean[[#This Row],[Place of Birth]],region!A:B,2,FALSE),"")
B52: Guilherme Maló | C52: Goalkeeper | D52: 31960 | E52: 36 | F52: Portugal | G52: Portugal | H52: Viseu | J52: 1.79 | M52: Portugal | Q52: =IFERROR(VLOOKUP(portugal_clean[[#This Row],[Place of Birth]],region!A:B,2,FALSE),"") -> Viseu
A53: 1.0 | B53: Rodolfo Barata | C53: Goalkeeper | D53: 32114 | E53: 36 | F53: Portugal | G53: Portugal | H53: Lisboa | J53: 1.9 | M53: Portugal | Q53: =IFERROR(VLOOKUP(portugal_clean[[#This Row],[Place of Birth]],region!A:B,2,FALSE),"") -> Lisboa
B54: Tiago Oliveira | C54: Goalkeeper | D54: 31982 | E54: 36 | F54: Portugal | G54: Portugal | H54: Vila Nova de Gaia | J54: 1.85 | M54: Portugal | Q54: =IFERROR(VLOOKUP(portugal_clean[[#This Row],[Place of Birth]],region!A:B,2,FALSE),"") -> Porto
B55: Dário Brilha | C55: Goalkeeper | D55: 32060 | E55: 36 | F55: Portugal | G55: Portugal | H55: Torres Vedras | J55: 1.8 | M55: Portugal | Q55: =IFERROR(VLOOKUP(portugal_clean[[#This Row],[Place of Birth]],region!A:B,2,FALSE),"") -> Lisboa
B56: Nélson | C56: Goalkeeper | D56: 31792 | E56: 37 | F56: Portugal | G56: Portugal | H56: Leiria | J56: 1.86 | M56: Portugal | Q56: =IFERROR(VLOOKUP(portugal_clean[[#This Row],[Place of Birth]],region!A:B,2,FALSE),"") -> Leiria
B57: Tiago Mota | C57: Goalkeeper | D57: 31917 | E57: 36 | F57: Portugal | G57: Portugal | H57: Sao Sebastiao da Pedreira | J57: 1.85 | M57: Portugal | Q57: =IFERROR(VLOOKUP(portugal_clean[[#This Row],[Place of Birth]],region!A:B,2,FALSE),"") -> Lisboa
B58: Dany | C58: Goalkeeper | D58: 31793 | E58: 37 | F58: Portugal | G58: Portugal | H58: Vila Nova de Gaia | J58: 1.88 | M58: Portugal | Q58: =IFERROR(VLOOKUP(portugal_clean[[#This Row],[Place of Birth]],region!A:B,2,FALSE),"") -> Porto
A59: 1.0 | B59: Igor Araújo | C59: Goalkeeper | D59: 31812 | E59: 37 | F59: Portugal | G59: Portugal | H59: Porto | J59: 1.81 | M59: Portugal | Q59: =IFERROR(VLOOKUP(portugal_clean[[#This Row],[Place of Birth]],region!A:B,2,FALSE),"") -> Porto
A60: 1.0 | B60: Pedro Soares | C60: Goalkeeper | D60: 32084 | E60: 36 | F60: Portugal | G60: Portugal | H60: Porto | J60: 1.84 | M60: Portugal | Q60: =IFERROR(VLOOKUP(portugal_clean[[#This Row],[Place of Birth]],region!A:B,2,FALSE),"") -> Porto
A61: 12.0 | B61: Marco Pereira | C61: Goalkeeper | D61: 31789 | E61: 37 | F61: Portugal | G61: Portugal | H61: Castelo de Paiva | J61: 1.84 | M61: Portugal | Q61: =IFERROR(VLOOKUP(portugal_clean[[#This Row],[Place of Birth]],region!A:B,2,FALSE),"") -> Aveiro
B62: Bruno Ferreira | C62: Goalkeeper | D62: 31946 | E62: 36 | F62: Portugal | G62: Portugal | M62: Portugal | Q62: =IFERROR(VLOOKUP(portugal_clean[[#This Row],[Place of Birth]],region!A:B,2,FALSE),"")
A63: 1.0 | B63: Marcos Ferreira | C63: Goalkeeper | D63: 31876 | E63: 36 | F63: Portugal, Venezuela | G63: Portugal | H63: Figueira da Foz | J63: 1.83 | M63: Portugal | N63: Venezuela | Q63: =IFERROR(VLOOKUP(portugal_clean[[#This Row],[Place of Birth]],region!A:B,2,FALSE),"") -> Coimbra
B64: Délcio | C64: Goalkeeper | D64: 31981 | E64: 36 | F64: Portugal | G64: Portugal | H64: Angra do Heroismo | J64: 1.75 | M64: Portugal | Q64: =IFERROR(VLOOKUP(portugal_clean[[#This Row],[Place of Birth]],region!A:B,2,FALSE),"") -> Acores (Azores)
B65: Campos | C65: Goalkeeper | D65: 31872 | E65: 37 | F65: Portugal | G65: Portugal | H65: Agueda | J65: 1.85 | M65: Portugal | Q65: =IFERROR(VLOOKUP(portugal_clean[[#This Row],[Place of Birth]],region!A:B,2,FALSE),"") -> Aveiro
B66: Hélder Ribeiro | C66: Goalkeeper | D66: 31969 | E66: 36 | F66: Portugal | G66: Portugal | H66: Vila Nova de Famalicao | J66: 1.84 | M66: Portugal | Q66: =IFERROR(VLOOKUP(portugal_clean[[#This Row],[Place of Birth]],region!A:B,2,FALSE),"") -> Braga
B67: Ricardo Janota | C67: Goalkeeper | D67: 31846 | E67: 37 | F67: Portugal | G67: Portugal | H67: Sintra | J67: 1.9 | M67: Portugal | Q67: =IFERROR(VLOOKUP(portugal_clean[[#This Row],[Place of Birth]],region!A:B,2,FALSE),"") -> Lisboa
B68: Vítor Vareiro | C68: Goalkeeper | D68: 31828 | E68: 37 | F68: Portugal | G68: Portugal | H68: Povoa de Varzim | J68: 1.91 | M68: Portugal | Q68: =IFERROR(VLOOKUP(portugal_clean[[#This Row],[Place of Birth]],region!A:B,2,FALSE),"") -> Porto
B69: Jorge Machado Borges | C69: Goalkeeper | D69: 31940 | E69: 36 | F69: Portugal | G69: Portugal | H69: Lissabon | M69: Portugal | Q69: =IFERROR(VLOOKUP(portugal_clean[[#This Row],[Place of Birth]],region!A:B,2,FALSE),"") -> Lisboa
A70: 30.0 | B70: Hugo Cardoso | C70: Goalkeeper | D70: 31810 | E70: 37 | F70: Portugal | G70: Portugal | H70: Lisboa | J70: 1.85 | M70: Portugal | Q70: =IFERROR(VLOOKUP(portugal_clean[[#This Row],[Place of Birth]],region!A:B,2,FALSE),"") -> Lisboa
A71: 1.0 | B71: Rui Patrício | C71: Goalkeeper | D71: 32188 | E71: 36 | F71: Portugal | G71: Portugal | H71: Leiria | J71: 1.9 | M71: Portugal | Q71: =IFERROR(VLOOKUP(portugal_clean[[#This Row],[Place of Birth]],region!A:B,2,FALSE),"") -> Leiria
A72: 1.0 | B72: Ricardo Moura | C72: Goalkeeper | D72: 32491 | E72: 35 | F72: Portugal | G72: Portugal | H72: Valongo | J72: 1.84 | M72: Portugal | Q72: =IFERROR(VLOOKUP(portugal_clean[[#This Row],[Place of Birth]],region!A:B,2,FALSE),"") -> Porto
B73: Janita | C73: Goalkeeper | D73: 32335 | E73: 35 | F73: Portugal | G73: Portugal | H73: Sao Joao da Madeira | M73: Portugal | Q73: =IFERROR(VLOOKUP(portugal_clean[[#This Row],[Place of Birth]],region!A:B,2,FALSE),"") -> Aveiro
B74: João Azul | C74: Goalkeeper | D74: 32250 | E74: 35 | F74: Portugal | G74: Portugal | H74: Vila Real de Santo Antonio | M74: Portugal | Q74: =IFERROR(VLOOKUP(portugal_clean[[#This Row],[Place of Birth]],region!A:B,2,FALSE),"") -> Faro
B75: Tiago Jorge | C75: Goalkeeper | D75: 32205 | E75: 36 | F75: Portugal | G75: Portugal | H75: Pinhal Novo | J75: 1.86 | M75: Portugal | Q75: =IFERROR(VLOOKUP(portugal_clean[[#This Row],[Place of Birth]],region!A:B,2,FALSE),"") -> Setubal
B76: Luís Espinha | C76: Goalkeeper | D76: 32146 | E76: 36 | F76: Portugal | G76: Portugal | H76: Guimaraes | J76: 1.74 | M76: Portugal | Q76: =IFERROR(VLOOKUP(portugal_clean[[#This Row],[Place of Birth]],region!A:B,2,FALSE),"") -> Braga
A77: 1.0 | B77: Filipe Soares | C77: Goalkeeper | D77: 32497 | E77: 35 | F77: Portugal | G77: Portugal | H77: Acores | J77: 1.91 | M77: Portugal | Q77: =IFERROR(VLOOKUP(portugal_clean[[#This Row],[Place of Birth]],region!A:B,2,FALSE),"") -> Guarda
B78: Sérgio Nobre | C78: Goalkeeper | D78: 32309 | E78: 35 | F78: Portugal | G78: Portugal | H78: Cadaval | J78: 1.78 | M78: Portugal | Q78: =IFERROR(VLOOKUP(portugal_clean[[#This Row],[Place of Birth]],region!A:B,2,FALSE),"") -> Lisboa
A79: 24.0 | B79: Manuel Gama | C79: Goalkeeper | D79: 32289 | E79: 35 | F79: Portugal | G79: Portugal | H79: Anadia | J79: 1.9 | M79: Portugal | Q79: =IFERROR(VLOOKUP(portugal_clean[[#This Row],[Place of Birth]],region!A:B,2,FALSE),"") -> Aveiro
B80: Vítor Gamito | C80: Goalkeeper | D80: 32211 | E80: 36 | F80: Portugal | G80: Portugal | H80: Chaves | J80: 1.88 | M80: Portugal | Q80: =IFERROR(VLOOKUP(portugal_clean[[#This Row],[Place of Birth]],region!A:B,2,FALSE),"") -> Vila Real
B81: Hugo Ventura | C81: Goalkeeper | D81: 32156 | E81: 36 | F81: Portugal | G81: Portugal | H81: Vila Nova de Gaia | J81: 1.88 | M81: Portugal | Q81: =IFERROR(VLOOKUP(portugal_clean[[#This Row],[Place of Birth]],region!A:B,2,FALSE),"") -> Porto
A82: 88.0 | B82: Pedro Trigueira | C82: Goalkeeper | D82: 32146 | E82: 36 | F82: Portugal | G82: Portugal | H82: Paredes | J82: 1.92 | M82: Portugal | Q82: =IFERROR(VLOOKUP(portugal_clean[[#This Row],[Place of Birth]],region!A:B,2,FALSE),"") -> Porto
B83: João Fernandes | C83: Goalkeeper | D83: 32183 | E83: 36 | F83: Portugal | G83: Portugal | H83: Viana do Castelo | J83: 1.86 | M83: Portugal | Q83: =IFERROR(VLOOKUP(portugal_clean[[#This Row],[Place of Birth]],region!A:B,2,FALSE),"") -> Viana do Castelo
A84: 12.0 | B84: Luís Marques | C84: Goalkeeper | D84: 32429 | E84: 35 | F84: Portugal | G84: Portugal | H84: Vila Vicosa | J84: 1.76 | M84: Portugal | Q84: =IFERROR(VLOOKUP(portugal_clean[[#This Row],[Place of Birth]],region!A:B,2,FALSE),"") -> Evora
B85: Diogo Soares | C85: Goalkeeper | D85: 32236 | E85: 36 | F85: Portugal | G85: Portugal | H85: Lisboa | J85: 1.85 | M85: Portugal | Q85: =IFERROR(VLOOKUP(portugal_clean[[#This Row],[Place of Birth]],region!A:B,2,FALSE),"") -> Lisboa
B86: Tiago Ribeiro | C86: Goalkeeper | D86: 32348 | E86: 35 | F86: Portugal | G86: Portugal | H86: Braga | M86: Portugal | Q86: =IFERROR(VLOOKUP(portugal_clean[[#This Row],[Place of Birth]],region!A:B,2,FALSE),"") -> Braga
A87: 1.0 | B87: Carlos Nabais | C87: Goalkeeper | D87: 32179 | E87: 36 | F87: Portugal | G87: Portugal | H87: Entroncamento | J87: 1.83 | M87: Portugal | Q87: =IFERROR(VLOOKUP(portugal_clean[[#This Row],[Place of Birth]],region!A:B,2,FALSE),"") -> Santarem
B88: Hugo Pereira | C88: Goalkeeper | D88: 32224 | E88: 36 | F88: Portugal | G88: Portugal | M88: Portugal | Q88: =IFERROR(VLOOKUP(portugal_clean[[#This Row],[Place of Birth]],region!A:B,2,FALSE),"")
A89: 24.0 | B89: Vítor Nogueira | C89: Goalkeeper | D89: 32182 | E89: 36 | F89: Portugal | G89: Portugal | H89: Covilha | J89: 1.83 | M89: Portugal | Q89: =IFERROR(VLOOKUP(portugal_clean[[#This Row],[Place of Birth]],region!A:B,2,FALSE),"") -> Castelo Branco
B90: Marcelo Deodato | C90: Goalkeeper | D90: 32314 | E90: 35 | F90: Portugal | G90: Portugal | H90: Lisboa | J90: 1.9 | M90: Portugal | Q90: =IFERROR(VLOOKUP(portugal_clean[[#This Row],[Place of Birth]],region!A:B,2,FALSE),"") -> Lisboa
B91: Óscar | C91: Goalkeeper | D91: 32451 | E91: 35 | F91: Portugal | G91: Portugal | H91: Barcelos | J91: 1.88 | M91: Portugal | Q91: =IFERROR(VLOOKUP(portugal_clean[[#This Row],[Place of Birth]],region!A:B,2,FALSE),"") -> Braga
B92: Marco Pinto | C92: Goalkeeper | D92: 32224 | E92: 36 | F92: Portugal | G92: Portugal | H92: Lisboa | J92: 1.82 | M92: Portugal | Q92: =IFERROR(VLOOKUP(portugal_clean[[#This Row],[Place of Birth]],region!A:B,2,FALSE),"") -> Lisboa
B93: Ricardo Ferreira | C93: Goalkeeper | D93: 32845 | E93: 34 | F93: Portugal | G93: Portugal | H93: Braga | J93: 1.86 | M93: Portugal | Q93: =IFERROR(VLOOKUP(portugal_clean[[#This Row],[Place of Birth]],region!A:B,2,FALSE),"") -> Braga
B94: Paulo Rocha | C94: Goalkeeper | D94: 32616 | E94: 34 | F94: Portugal | G94: Portugal | H94: Melres | J94: 1.87 | M94: Portugal | Q94: =IFERROR(VLOOKUP(portugal_clean[[#This Row],[Place of Birth]],region!A:B,2,FALSE),"") -> Porto
A95: 1.0 | B95: Xuteiras | C95: Goalkeeper | D95: 32573 | E95: 35 | F95: Portugal | G95: Portugal | M95: Portugal | Q95: =IFERROR(VLOOKUP(portugal_clean[[#This Row],[Place of Birth]],region!A:B,2,FALSE),"")
B96: Rui Oliveira | C96: Goalkeeper | D96: 32517 | E96: 35 | F96: Portugal | G96: Portugal | H96: Alcobaca | J96: 1.75 | M96: Portugal | Q96: =IFERROR(VLOOKUP(portugal_clean[[#This Row],[Place of Birth]],region!A:B,2,FALSE),"") -> Leiria
A97: 1.0 | B97: Joel Rosária | C97: Goalkeeper | D97: 32834 | E97: 34 | F97: Portugal | G97: Portugal | H97: Loule | J97: 1.86 | M97: Portugal | Q97: =IFERROR(VLOOKUP(portugal_clean[[#This Row],[Place of Birth]],region!A:B,2,FALSE),"") -> Faro
B98: André Martins | C98: Goalkeeper | D98: 32793 | E98: 34 | F98: Portugal | G98: Portugal | H98: Odivelas | J98: 1.93 | M98: Portugal | Q98: =IFERROR(VLOOKUP(portugal_clean[[#This Row],[Place of Birth]],region!A:B,2,FALSE),"") -> Lisboa
A99: 1.0 | B99: Cárin Gonçalves | C99: Goalkeeper | D99: 32556 | E99: 35 | F99: Portugal | G99: Portugal | H99: Funchal | J99: 1.8 | M99: Portugal | Q99: =IFERROR(VLOOKUP(portugal_clean[[#This Row],[Place of Birth]],region!A:B,2,FALSE),"") -> Madeira
A100: 24.0 | B100: Mauro Leal | C100: Goalkeeper | D100: 32549 | E100: 35 | F100: Portugal | G100: Portugal | H100: Coimbra | J100: 1.8 | M100: Portugal | Q100: =IFERROR(VLOOKUP(portugal_clean[[#This Row],[Place of Birth]],region!A:B,2,FALSE),"") -> Coimbra
...

Sheet region
A1: asciiname | B1: region
A2: Portuguese Republic
A3: Lisbon metropolitan area | B3: Lisboa
A4: Lisboa | B4: Lisboa
A5: Lissabon | B5: Lisboa
A6: Distrito de Lisboa | B6: Lisboa
A7: Distrito do Porto | B7: Porto
A8: Distrito de Braga | B8: Braga
A9: Distrito de Setubal | B9: Setubal
A10: Distrito de Aveiro | B10: Aveiro
A11: Lisbon | B11: Lisboa
A12: Lisbon | B12: Lisboa
A13: Distrito de Santarem | B13: Santarem
A14: Distrito de Leiria | B14: Leiria
... A6909: Sitio do Cano Amarelo | Yellow Pipe Place | B6909: Porto

Sheet TCD
A1: Nationality 2
A3: Étiquettes de lignes | B3: Nombre de Name
A4: Andorra | B4: 5
A5: Brazil | B5: 1
A6: China | B6: 1
A7: Germany | B7: 1
A8: Luxembourg | B8: 2
A9: Macao | B9: 7
A10: Norway | B10: 1
A11: Portugal | B11: 5960
A12: Serbia | B12: 2
A13: Total général | B13: 5980
